>AT1G09760.1,69,Y,0.7986000000000001,CAGAGCUCGACGAAGCAGUAAAACCCUAGUAGAAUA,)))))...)))))))))))..((((..((.......
>AT1G09760.1,774,Y,0.7453999999999998,GCUUUGAAGUUUGGACAGGUUCCUGCUGGCCUGAUA,)))))))(((((..(((((((((((.(((((.(((.
>AT1G09760.1,685,Y,0.8785999999999999,UGGUGGCGCCAACAGCGGAGCAAAUAUUAGCUAUCA,((((...))))....)))))........((((....
>AT1G09760.1,690,Y,0.6396,GCGCCAACAGCGGAGCAAAUAUUAGCUAUCAAGGCU,..))))....)))))........((((.....))))
>AT1G09760.1,54,Y,0.5532000000000001,AAUGCUUAGCAGCGACAGAGCUCGACGAAGCAGUAA,..((((....)))).)))))...)))))))))))..
>AT1G09760.1,676,Y,0.8732000000000001,CUCCGAAAGUGGUGGCGCCAACAGCGGAGCAAAUAU,(((((....((((...))))....))))).......
>AT1G09760.1,556,Y,0.5376,AAGCCAAGGAGAGAGCUGAAGCUGCAUCUUUGUUUU,(((((.......((((((...((((.((((((....
>AT1G09760.1,589,Y,0.7585999999999999,UUUCAUCCAAAGAAGCAGAAGAGGAAGUUAAAAAGG,.......)))))).))))..((((((.((....)).
>AT1G09760.1,215,Y,0.7305999999999999,GGGUGCUACUGAGGACCAGUUCGAUACCAUUGAUCU,))..))...)))))))(((.(((((...))))).))
>AT1G09760.1,475,Y,0.909,AUAUCACCAAAAAGGCAAAUUAUCGCCUUUAUGUGA,...((((...((((((........))))))..))))
>AT1G09760.1,1074,Y,0.5782,UGGAGAGCGAGGGUGCACACAGAAUUUGCUUAUGCU,))))).)))))))..............((....))(
>AT1G09760.1,912,Y,0.5671999999999999,AAUUGUUUUCUCUGGCAAUCCUGUACGGUUUCUGUC,.))))........))))))....)))).))))))).
>AT1G09760.1,387,Y,0.6032,CUUACAAAUAACAGGCUUGUGAAUUUGGUUGAGAUU,.((((((.........))))))....)))))))).)
>AT1G09760.1,1066,Y,0.8082,CAUUGGCAUGGAGAGCGAGGGUGCACACAGAAUUUG,)))))).)))))).)))))))..............(
>AT1G09760.1,808,Y,0.528,UAAUUCCUGAUCCGGCCACAAAUGACUCUGCUCCCA,(........))).)))))))...((((.((((((..
>AT1G09760.1,1057,Y,0.5358,AAGUCUCUGCAUUGGCAUGGAGAGCGAGGGUGCACA,..))..))))))))).)))))).)))))))......
>AT1G09760.1,168,Y,0.5786,CGAGAAUUGGAUCUACGAGGUAACAAGAUUCCUGUA,(((..((.((((((...........))).))).)).
>AT1G09760.1,709,Y,0.8301999999999999,UAUUAGCUAUCAAGGCUGCAAUUAUCAAUUCUCAGA,....((((.....))))((((((.((..((((....
>AT1G09760.1,153,Y,0.8538,AAUGCUAUCAAGGAGCGAGAAUUGGAUCUACGAGGU,...((..(((((...(((..((.((((((.......
>AT1G09760.1,986,Y,0.5504,AAACUAUUUACUGCUCGAGGCAUCUGUUUUGAACCC,)))))))))).)))))))(((((((.((((((....
>AT1G09760.1,615,Y,0.5681999999999999,GUUAAAAAGGUUUCUCGGGAGGAGGUUAAAAAAGUG,.((....)).))))))....(((..((.....(((.
>AT1G09760.1,760,Y,0.737,CCAGACUCGAACAGGCUUUGAAGUUUGGACAGGUUC,)))).))).....))))))))(((((..((((((((
>AT1G09760.1,991,Y,0.7852,AUUUACUGCUCGAGGCAUCUGUUUUGAACCCUUAAA,))))).)))))))(((((((.((((((....)))))
>AT1G09760.1,879,Y,0.7292,UCGUUGUAGCUACUGCUCCAGAAUGCUCACAGCAAU,(.((((((((..(((...)))...))).))))).))
>AT2G36120.1,685,Y,0.8088000000000001,UGGUGGAGGAGGAGGCGGUGGUGGUUCCGGAGGUGG,..(((((..........((((((.(((((....)))
>AT2G36120.1,697,Y,0.6315999999999999,AGGCGGUGGUGGUUCCGGAGGUGGAGGAGGAGGAGG,.....((((((.(((((....)))))..........
>AT2G36120.1,328,Y,0.8501999999999998,AGGAGGAGGUGGUGGCCCUGGAGGAGGCUACGGAGG,...........((((((((...)).))))))....(
>AT2G36120.1,610,Y,0.5024,UCAUGGUGGUGGUUACGGAGCAGGAGGUGGAGCUGG,))......))))))....)))....(((((((((..
>AT2G36120.1,36,Y,0.8231999999999999,AAGAGUGAAACAUGGCUAAUCACAAAAAUCUCUUCU,((...(((.((((((((((((((......(((((((
>AT2G36120.1,421,Y,0.9241999999999999,CGGAGGUGGAGGAGGCGGAGCAGGCGGCGGUGGAGG,))))..))))))))).))))((.((.((.......)
>AT2G36120.1,787,Y,0.8944000000000001,AGAAGGAAGCGGUGGCUAUGUACCAUGAAAAAUUAU,....))))))))))))....)))))).........)
>AT2G36120.1,148,Y,0.8018000000000001,AGUCGCUGCCUAUGGCGUGAAUAGUGGUUUAAGUGC,(((..((((((....((((..((.((((((...(((
>AT2G36120.1,385,Y,0.8173999999999999,AGCUGGAUACGGAGGCGGAGAAGCUGGUGGGCAUGG,.)))...)))..))))))....)))....)))....
>AT2G36120.1,781,Y,0.8614,UGGUGGAGAAGGAAGCGGUGGCUAUGUACCAUGAAA,).))))....))))))))))))....))))))....
>AT2G36120.1,657,Y,0.5562,GUGGUGGUGCUGGAGCUGGUGGACAUGGUGGUGGAG,((.(((((((....((((....((((....(((((.
>AT2G36120.1,433,Y,0.7926,AGGCGGAGCAGGCGGCGGUGGAGGUGGUGGUGGUGG,))).))))((.((.((.......)).))..))...(
>AT2G36120.1,280,Y,0.8497999999999999,ACAUAUUGGUGGGGGCGGAGGUGGUGGACAUGGUGG,.(((....(((...((.......))...)))....)
>AT2G36120.1,430,Y,0.8206,AGGAGGCGGAGCAGGCGGCGGUGGAGGUGGUGGUGG,)))))).))))((.((.((.......)).))..)).
>AT2G36120.1,310,Y,0.8635999999999999,UGGUGGUGGUGCUGGCGGAGGAGGAGGUGGUGGCCC,)....)))...)).)).............(((((((
>AT2G36120.1,826,Y,0.7083999999999999,UAUGGAGUGUAACGGCAAUUGAGUGAAGUGUCAUAU,).....))))..)))).(((..((....((((((((
>AT2G36120.1,426,Y,0.7544000000000001,GUGGAGGAGGCGGAGCAGGCGGCGGUGGAGGUGGUG,.))))))))).))))((.((.((.......)).)).
>AT2G36120.1,547,Y,0.8694000000000001,UGGAGGUGGUGGAGGCGGUGGAAAUGGUGGGGGUGG,))))).........((.((....)).))......))
>AT2G36120.1,885,Y,0.9294,ACGAUUUAUAUGUGGCAAUAAAUAGAGUAAUCCUUC,)))).....))))))))....))..)))....((((
>AT2G36120.1,124,Y,0.5062,CUCCUCCUCUGAAUCCGAGGCUGAAGUCGCUGCCUA,(((((((((((..((((..(((..(((..((((((.
>AT2G36120.1,523,Y,0.7208,UGGAGGUGGAGGUGCCGGGGGACAUGGAGGUGGUGG,)))...))))......))))))))))))).......
>AT2G36120.1,401,Y,0.5764,GGAGAAGCUGGUGGGCAUGGCGGAGGUGGAGGAGGC,))....)))....)))....))))..))))))))).
>AT2G36120.1,489,Y,0.655,GUGGUGGACAAGGUGCUGGUGCUGGAGGAGGAUAUG,)).))).))..)))))).)).))))...))))))))
>AT2G36120.1,238,Y,0.8288,UGGAAGCGGUGAAGGCGGUGGAGCUGGUGGGCAUGG,..)).))...)).))))...)))))).))..))))(
>AT2G36120.1,259,Y,0.8624,AGCUGGUGGGCAUGGCGAGGGACAUAUUGGUGGGGG,))))).))..))))((.((...(((....(((...(
>AT2G36120.1,379,Y,0.6512,UGGUGGAGCUGGAUACGGAGGCGGAGAAGCUGGUGG,.......)))...)))..))))))....)))....)
>AT2G36120.1,495,Y,0.5586,GACAAGGUGCUGGUGCUGGAGGAGGAUAUGGAGGUG,.))..)))))).)).))))...)))))))))...))
>AT2G36120.1,254,Y,0.6228,GGUGGAGCUGGUGGGCAUGGCGAGGGACAUAUUGGU,)...)))))).))..))))((.((...(((....((
>AT2G36120.1,927,Y,0.7624000000000001,UAAGCCGUAGAAAGGCGGCUAUUGUUGAAGUUUUUA,((.(((((......))))))))))))))))......
>AT2G36120.1,129,Y,0.5896000000000001,CCUCUGAAUCCGAGGCUGAAGUCGCUGCCUAUGGCG,((((((..((((..(((..(((..((((((....((
>AT2G36120.1,406,Y,0.8346,AGCUGGUGGGCAUGGCGGAGGUGGAGGAGGCGGAGC,.)))....)))....))))..))))))))).))))(
>AT2G36120.1,930,Y,0.7747999999999999,GCCGUAGAAAGGCGGCUAUUGUUGAAGUUUUUAAAU,(((((......)))))))))))))))).........
>AT2G36120.1,102,Y,0.6358,GUUCUGCUAGACGAGCACUACUCUCCUCCUCUGAAU,(((((.((((((.((((((.(((((((((((((..(
>AT2G36120.1,343,Y,0.634,CCCUGGAGGAGGCUACGGAGGUGGAAGCGGUGAAGG,((((...)).))))))....(((..(((........
>AT2G36120.1,583,Y,0.707,AGGAGGAGGUUCUGGCGAAGGAGGAGCUCAUGGUGG,)))))(((.((((........)))).)))......)
>AT2G36120.1,858,Y,0.9236000000000001,AUAUCUCGUAAGGGACUAUAUAGUUUCACGAUUUAU,((((.((((..((((((....)))))))))).....
>AT2G36120.1,217,Y,0.6628000000000001,AGGAGGAUCUGGUUACGGAGGUGGAAGCGGUGAAGG,...))))))...)))).))....)).))...)).))
>AT2G36120.1,615,Y,0.7605999999999999,GUGGUGGUUACGGAGCAGGAGGUGGAGCUGGAGAGG,...))))))....)))....(((((((((....((.
>AT2G36120.1,340,Y,0.9359999999999999,UGGCCCUGGAGGAGGCUACGGAGGUGGAAGCGGUGA,(((((((...)).))))))....(((..(((.....
>AT2G36120.1,355,Y,0.5976,CUACGGAGGUGGAAGCGGUGAAGGUGGUGGAGCUGG,))))....(((..(((...............)))..
>AT2G36120.1,627,Y,0.5958,GAGCAGGAGGUGGAGCUGGAGAGGGAUACGGUGGUG,.)))....(((((((((....((.((((.(((.(((
>AT2G36120.1,229,Y,0.6134000000000001,UUACGGAGGUGGAAGCGGUGAAGGCGGUGGAGCUGG,)))).))....)).))...)).))))...)))))).
